,Unnamed: 0,Player,Tm,Age,Pos,G,Tgt,Rec,Ctch%,Yds,Y/R,TD,Y/Tgt,R/G,Y/G,Player-additional
0,0,MichaelThomas,NOR,26,WR,16,185,149,80.5%,1725,11.6,9,9.3,9.3,107.8,ThomMi05
2,2,KeenanAllen,LAC,27,WR,16,149,104,69.8%,1199,11.5,6,8.0,6.5,74.9,AlleKe00
3,3,DeAndreHopkins,HOU,27,WR,15,150,104,69.3%,1165,11.2,7,7.8,6.9,77.7,HopkDe00
4,4,JulianEdelman,NWE,33,WR,16,153,100,65.4%,1117,11.2,6,7.3,6.3,69.8,EdelJu00
5,5,JulioJones,ATL,30,WR,15,157,99,63.1%,1394,14.1,6,8.9,6.6,92.9,JoneJu02
6,6,AllenRobinson,CHI,26,WR,16,154,98,63.6%,1147,11.7,7,7.4,6.1,71.7,RobiAl02
8,8,CooperKupp,LAR,26,WR,16,134,94,70.1%,1161,12.4,10,8.7,5.9,72.6,KuppCo00
10,10,TylerBoyd,CIN,25,WR,16,148,90,60.8%,1046,11.6,5,7.1,5.6,65.4,BoydTy00
12,12,RobertWoods,LAR,27,WR,15,139,90,64.7%,1134,12.6,2,8.2,6.0,75.6,WoodRo02
14,14,DJMoore,CAR,22,WR,15,135,87,64.4%,1175,13.5,4,8.7,5.8,78.3,MoorD.00
15,15,ChrisGodwin,TAM,23,WR,14,121,86,71.1%,1333,15.5,9,11.0,6.1,95.2,GodwCh00
17,17,DavanteAdams,GNB,27,WR,12,127,83,65.4%,997,12.0,5,7.9,6.9,83.1,AdamDa01
18,18,JarvisLandry,CLE,27,WR,16,138,83,60.1%,1174,14.1,6,8.5,5.2,73.4,LandJa00
19,19,TylerLockett,SEA,27,WR,16,110,82,74.5%,1057,12.9,8,9.6,5.1,66.1,LockTy00
22,22,AmariCooper,DAL,25,WR,16,119,79,66.4%,1189,15.1,8,10.0,4.9,74.3,CoopAm00
23,23,JamisonCrowder,NYJ,26,WR,16,122,78,63.9%,833,10.7,6,6.8,4.9,52.1,CrowJa00
25,25,LarryFitzgerald,ARI,36,WR,16,109,75,68.8%,804,10.7,4,7.4,4.7,50.3,FitzLa00
27,27,OdellBeckhamJr,CLE,27,WR,16,133,74,55.6%,1035,14.0,4,7.8,4.6,64.7,BeckOd00
28,28,DJChark,JAX,23,WR,15,118,73,61.9%,1008,13.8,8,8.5,4.9,67.2,CharDJ00
29,29,JohnBrown,BUF,29,WR,15,115,72,62.6%,1060,14.7,6,9.2,4.8,70.7,BrowJo02
30,30,DeVanteParker,MIA,26,WR,16,128,72,56.3%,1202,16.7,9,9.4,4.5,75.1,ParkDe01
31,31,CourtlandSutton,DEN,24,WR,16,124,72,58.1%,1112,15.4,6,9.0,4.5,69.5,SuttCo00
34,34,ChristianKirk,ARI,23,WR,13,108,68,63.0%,709,10.4,3,6.6,5.2,54.5,KirkCh01
35,35,ColeBeasley,BUF,30,WR,15,106,67,63.2%,778,11.6,6,7.3,4.5,51.9,BeasCo00
36,36,MikeEvans,TAM,26,WR,13,118,67,56.8%,1157,17.3,8,9.8,5.2,89.0,EvanMi00
38,38,MichaelGallup,DAL,23,WR,14,113,66,58.4%,1107,16.8,6,9.8,4.7,79.1,GallMi00
39,39,EmmanuelSanders,2TM,32,WR,17,97,66,68.0%,869,13.2,5,9.0,3.9,51.1,SandEm00
40,40,DedeWestbrook,JAX,26,WR,15,101,66,65.3%,660,10.0,3,6.5,4.4,44.0,WestDe00
41,41,KennyGolladay,DET,26,WR,16,116,65,56.0%,1190,18.3,11,10.3,4.1,74.4,GollKe00
43,43,StefonDiggs,MIN,26,WR,15,94,63,67.0%,1130,17.9,6,12.0,4.2,75.3,DiggSt00
44,44,CalvinRidley,ATL,25,WR,13,93,63,67.7%,866,13.7,7,9.3,4.8,66.6,RidlCa00
46,46,DannyAmendola,DET,34,WR,15,97,62,63.9%,678,10.9,1,7.0,4.1,45.2,AmenDa00
47,47,MarvinJones,DET,29,WR,13,91,62,68.1%,779,12.6,9,8.6,4.8,59.9,JoneMa02
49,49,DiontaeJohnson,PIT,23,WR,16,92,59,64.1%,680,11.5,5,7.4,3.7,42.5,JohnDi01
50,50,MohamedSanu,2TM,30,WR,15,89,59,66.3%,520,8.8,2,5.8,3.9,34.7,SanuMo00
52,52,TyreekHill,KAN,25,WR,12,89,58,65.2%,860,14.8,7,9.7,4.8,71.7,HillTy00
53,53,TerryMcLaurin,WAS,24,WR,14,93,58,62.4%,919,15.8,7,9.9,4.1,65.6,McLaTe00
54,54,DKMetcalf,SEA,22,WR,16,100,58,58.0%,900,15.5,7,9.0,3.6,56.3,MetcDK00
55,55,DeeboSamuel,SFO,23,WR,15,81,57,70.4%,802,14.1,3,9.9,3.8,53.5,SamuDe00
56,56,SterlingShepard,NYG,26,WR,10,83,57,68.7%,576,10.1,3,6.9,5.7,57.6,ShepSt00
57,57,RandallCobb,DAL,29,WR,15,83,55,66.3%,828,15.1,3,10.0,3.7,55.2,CobbRa00
60,60,CurtisSamuel,CAR,23,WR,16,105,54,51.4%,627,11.6,6,6.0,3.4,39.2,SamuCu00
62,62,ChosenAnderson,NYJ,26,WR,16,96,52,54.2%,779,15.0,5,8.1,3.3,48.7,AndeRo04
64,64,AJBrown,TEN,22,WR,16,84,52,61.9%,1051,20.2,8,12.5,3.3,65.7,BrowAJ00
65,65,AnthonyMiller,CHI,25,WR,16,85,52,61.2%,656,12.6,2,7.7,3.3,41.0,MillAn02
67,67,SammyWatkins,KAN,26,WR,14,90,52,57.8%,673,12.9,3,7.5,3.7,48.1,WatkSa00
71,71,WillFuller,HOU,25,WR,11,71,49,69.0%,670,13.7,3,9.4,4.5,60.9,FullWi01
72,72,RussellGage,ATL,23,WR,16,74,49,66.2%,446,9.1,1,6.0,3.1,27.9,GageRu00
74,74,HunterRenfrow,LVR,24,WR,13,71,49,69.0%,605,12.3,4,8.5,3.8,46.5,RenfHu00
75,75,GoldenTate,NYG,31,WR,11,85,49,57.6%,676,13.8,6,8.0,4.5,61.5,TateGo00
76,76,MikeWilliams,LAC,25,WR,15,90,49,54.4%,1001,20.4,2,11.1,3.3,66.7,WillMi07
77,77,DariusSlayton,NYG,22,WR,14,84,48,57.1%,740,15.4,8,8.8,3.4,52.9,SlayDa01
78,78,ChrisConley,JAX,27,WR,16,90,47,52.2%,775,16.5,5,8.6,2.9,48.4,ConlCh00
80,80,MarquiseBrown,BAL,22,WR,14,71,46,64.8%,584,12.7,7,8.2,3.3,41.7,BrowMa04
81,81,TYHilton,IND,30,WR,10,68,45,66.2%,501,11.1,5,7.4,4.5,50.1,HiltT.00
85,85,JamesWashington,PIT,23,WR,15,80,44,55.0%,735,16.7,3,9.2,2.9,49.0,WashJa00
90,90,AlexErickson,CIN,27,WR,16,78,43,55.1%,529,12.3,0,6.8,2.7,33.1,EricAl01
92,92,AlshonJeffery,PHI,29,WR,10,73,43,58.9%,490,11.4,4,6.7,4.3,49.0,JeffAl00
93,93,AlbertWilson,MIA,27,WR,13,62,43,69.4%,351,8.2,1,5.7,3.3,27.0,WilsAl02
94,94,BrandinCooks,LAR,26,WR,14,72,42,58.3%,583,13.9,2,8.1,3.0,41.6,CookBr00
96,96,JuJuSmithSchuster,PIT,23,WR,12,70,42,60.0%,552,13.1,3,7.9,3.5,46.0,SmitJu00
98,98,TyrellWilliams,LVR,27,WR,14,64,42,65.6%,651,15.5,6,10.2,3.0,46.5,WillTy00
100,100,ZachPascal,IND,25,WR,16,72,41,56.9%,607,14.8,5,8.4,2.6,37.9,PascZa00
102,102,KennyStills,HOU,27,WR,13,55,40,72.7%,561,14.0,4,10.2,3.1,43.2,StilKe00
103,103,AudenTate,CIN,22,WR,12,80,40,50.0%,575,14.4,1,7.2,3.3,47.9,TateAu00
104,104,NelsonAgholor,PHI,26,WR,11,69,39,56.5%,363,9.3,3,5.3,3.5,33.0,AghoNe00
111,111,AdamHumphries,TEN,26,WR,12,47,37,78.7%,374,10.1,2,8.0,3.1,31.2,HumpAd00
117,117,BreshadPerriman,TAM,26,WR,14,69,36,52.2%,645,17.9,6,9.3,2.6,46.1,PerrBr02
120,120,DemaryiusThomas,NYJ,32,WR,11,58,36,62.1%,433,12.0,1,7.5,3.3,39.4,ThomDe03
122,122,AllenLazard,GNB,24,WR,16,52,35,67.3%,477,13.6,3,9.2,2.2,29.8,LazaAl00
127,127,GeronimoAllison,GNB,25,WR,16,55,34,61.8%,287,8.4,2,5.2,2.1,17.9,AlliGe01
132,132,JDMcKissic,DET,26,WR,16,42,34,81.0%,233,6.9,1,5.5,2.1,14.6,McKiJ.00
134,134,StevenSims,WAS,22,WR,16,56,34,60.7%,310,9.1,4,5.5,2.1,19.4,SimsSt00
135,135,DamiereByrd,ARI,26,WR,11,46,32,69.6%,359,11.2,1,7.8,2.9,32.6,ByrdDa00
137,137,AllenHurns,MIA,28,WR,14,47,32,68.1%,416,13.0,2,8.9,2.3,29.7,HurnAl01
138,138,DemarcusRobinson,KAN,25,WR,16,55,32,58.2%,449,14.0,4,8.2,2.0,28.1,RobiDe01
139,139,PrestonWilliams,MIA,22,WR,8,60,32,53.3%,428,13.4,3,7.1,4.0,53.5,WillPr01
144,144,OlabisiJohnson,MIN,22,WR,16,45,31,68.9%,294,9.5,3,6.5,1.9,18.4,JohnOl00
147,147,WillieSnead,BAL,27,WR,16,46,31,67.4%,339,10.9,5,7.4,1.9,21.2,SneaWi00
149,149,KendrickBourne,SFO,24,WR,16,44,30,68.2%,358,11.9,5,8.1,1.9,22.4,BourKe00
150,150,TedGinnJr,NOR,34,WR,16,56,30,53.6%,421,14.0,2,7.5,1.9,26.3,GinnTe00
151,151,KelvinHarmon,WAS,23,WR,16,44,30,68.2%,365,12.2,0,8.3,1.9,22.8,HarmKe00
153,153,AdamThielen,MIN,29,WR,10,48,30,62.5%,418,13.9,6,8.7,3.0,41.8,ThieAd00
155,155,PhillipDorsett,NWE,26,WR,14,54,29,53.7%,397,13.7,5,7.4,2.1,28.4,DorsPh00
156,156,TaylorGabriel,CHI,28,WR,9,48,29,60.4%,353,12.2,4,7.4,3.2,39.2,GabrTa00
158,158,DaeSeanHamilton,DEN,24,WR,16,52,28,53.8%,297,10.6,1,5.7,1.8,18.6,HamiDa01
161,161,PaulRichardson,WAS,27,WR,10,42,28,66.7%,245,8.8,2,5.8,2.8,24.5,RichPa01
162,162,JohnRoss,CIN,24,WR,8,56,28,50.0%,506,18.1,3,9.0,3.5,63.3,RossJo00
163,163,GregWard,PHI,24,WR,7,40,28,70.0%,254,9.1,1,6.4,4.0,36.3,WardGr02
164,164,JariusWright,CAR,30,WR,16,58,28,48.3%,296,10.6,0,5.1,1.8,18.5,WrigJa02
166,166,JoshGordon,2TM,28,WR,11,47,27,57.4%,426,15.8,1,9.1,2.5,38.7,GordJo02
167,167,ZayJones,2TM,24,WR,15,45,27,60.0%,216,8.0,0,4.8,1.8,14.4,JoneZa00
168,168,IsaiahMcKenzie,BUF,24,WR,15,39,27,69.2%,254,9.4,1,6.5,1.8,16.9,McKeIs00
170,170,MecoleHardman,KAN,21,WR,16,41,26,63.4%,538,20.7,6,13.1,1.6,33.6,HardMe00
172,172,JakobiMeyers,NWE,23,WR,15,41,26,63.4%,359,13.8,0,8.8,1.7,23.9,MeyeJa01
173,173,TreyQuinn,WAS,24,WR,12,47,26,55.3%,198,7.6,1,4.2,2.2,16.5,QuinTr00
175,175,MarquezValdesScantling,GNB,25,WR,16,56,26,46.4%,452,17.4,2,8.1,1.6,28.3,ValdMa00
176,176,PharohCooper,2TM,24,WR,13,33,25,75.8%,243,9.7,1,7.4,1.9,18.7,CoopPh00
180,180,TajaeSharpe,TEN,25,WR,15,35,25,71.4%,329,13.2,4,9.4,1.7,21.9,SharTa00
181,181,KeelanCole,JAX,26,WR,16,35,24,68.6%,361,15.0,3,10.3,1.5,22.6,ColeKe00
183,183,CodyLatimer,NYG,27,WR,15,42,24,57.1%,300,12.5,2,7.1,1.6,20.0,LatiCo00
186,186,IsaiahFord,MIA,23,WR,8,35,23,65.7%,244,10.6,0,7.0,2.9,30.5,FordIs00
187,187,BennieFowler,NYG,28,WR,8,36,23,63.9%,193,8.4,0,5.4,2.9,24.1,FowlBe00
189,189,KekeCoutee,HOU,22,WR,9,36,22,61.1%,254,11.5,0,7.1,2.4,28.2,CoutKe00
191,191,KeeSeanJohnson,ARI,23,WR,10,42,21,50.0%,187,8.9,1,4.5,2.1,18.7,JohnKe07
193,193,JoshReynolds,LAR,24,WR,16,43,21,48.8%,326,15.5,1,7.6,1.3,20.4,ReynJo00
194,194,SethRoberts,BAL,28,WR,16,35,21,60.0%,271,12.9,2,7.7,1.3,16.9,RobeSe00
195,195,DelanieWalker,TEN,35,WR,7,31,21,67.7%,215,10.2,2,6.9,3.0,30.7,WalkHu00
199,199,JakeemGrant,MIA,27,WR,10,33,19,57.6%,164,8.6,0,5.0,1.9,16.4,GranJa00
200,200,JustinHardy,ATL,28,WR,16,26,19,73.1%,195,10.3,0,7.5,1.2,12.2,HardJu00
201,201,TaysomHill,NOR,29,WR,16,22,19,86.4%,234,12.3,6,10.6,1.2,14.6,HillTa00
202,202,ParrisCampbell,IND,22,WR,7,24,18,75.0%,127,7.1,1,5.3,2.6,18.1,CampPa00
206,206,TreQuanSmith,NOR,23,WR,11,25,18,72.0%,234,13.0,5,9.4,1.6,21.3,SmitTr03
207,207,JavonWims,CHI,25,WR,16,39,18,46.2%,186,10.3,1,4.8,1.1,11.6,WimsJa00
209,209,MarcusJohnson,IND,25,WR,8,33,17,51.5%,277,16.3,2,8.4,2.1,34.6,JohnMa07
210,210,DavidMoore,SEA,24,WR,14,34,17,50.0%,301,17.7,2,8.9,1.2,21.5,MoorDa03
212,212,VyncintSmith,NYJ,23,WR,13,31,17,54.8%,225,13.2,0,7.3,1.3,17.3,SmitVy00
216,216,JaronBrown,SEA,29,WR,14,28,16,57.1%,220,13.8,2,7.9,1.1,15.7,BrowJa03
218,218,TimPatrick,DEN,26,WR,8,31,16,51.6%,218,13.6,0,7.0,2.0,27.3,PatrTi00
219,219,ChesterRogers,IND,25,WR,12,28,16,57.1%,179,11.2,2,6.4,1.3,14.9,RogeCh02
227,227,MalikTurner,SEA,23,WR,15,22,15,68.2%,245,16.3,1,11.1,1.0,16.3,TurnMa00
229,229,JustinWatson,TAM,23,WR,16,26,15,57.7%,159,10.6,2,6.1,0.9,9.9,WatsJu01
240,240,RickySealsJones,CLE,24,WR,14,22,14,63.6%,229,16.4,4,10.4,1.0,16.4,SealRi00
241,241,TavonAustin,DAL,29,WR,14,24,13,54.2%,177,13.6,1,7.4,0.9,12.6,AustTa00
242,242,MilesBoykin,BAL,23,WR,16,22,13,59.1%,198,15.2,3,9.0,0.8,12.4,BoykMi00
246,246,ScottMiller,TAM,22,WR,10,26,13,50.0%,200,15.4,1,7.7,1.3,20.0,MillSc01
247,247,TyMontgomery,NYJ,26,WR,16,17,13,76.5%,90,6.9,0,5.3,0.8,5.6,MontTy01
253,253,MarquiseGoodwin,SFO,29,WR,9,21,12,57.1%,186,15.5,1,8.9,1.3,20.7,GoodMa00
254,254,NKealHarry,NWE,22,WR,7,24,12,50.0%,105,8.8,2,4.4,1.7,15.0,HarrNK00
256,256,DontrelleInman,2TM,30,WR,7,21,12,57.1%,181,15.1,0,8.6,1.7,25.9,InmaDo00
257,257,JakeKumerow,GNB,27,WR,14,21,12,57.1%,219,18.3,1,10.4,0.9,15.6,KumeJa00
259,259,ByronPringle,KAN,26,WR,16,16,12,75.0%,170,14.2,1,10.6,0.8,10.6,PrinBy00
260,260,DamionRatley,CLE,24,WR,13,24,12,50.0%,200,16.7,1,8.3,0.9,15.4,RatlDa00
261,261,DukeWilliams,BUF,27,WR,4,19,12,63.2%,166,13.8,1,8.7,3.0,41.5,WillDu01
262,262,ChristianBlake,ATL,23,WR,9,24,11,45.8%,91,8.3,0,3.8,1.2,10.1,BlakCh00
263,263,DeAndreCarter,HOU,26,WR,16,14,11,78.6%,162,14.7,0,11.6,0.7,10.1,CartDe02
264,264,KeelanDoss,LVR,23,WR,8,14,11,78.6%,133,12.1,0,9.5,1.4,16.6,DossKe00
267,267,CordarrellePatterson,CHI,28,WR,16,17,11,64.7%,83,7.5,0,4.9,0.7,5.2,PattCo00
268,268,DantePettis,SFO,24,WR,11,24,11,45.8%,109,9.9,2,4.5,1.0,9.9,PettDa00
270,270,JJArcegaWhiteside,PHI,23,WR,16,22,10,45.5%,169,16.9,1,7.7,0.6,10.6,ArceJJ00
273,273,MackHollins,2TM,26,WR,16,23,10,43.5%,125,12.5,0,5.4,0.6,7.8,HollMa00
282,282,DeonCain,2TM,23,WR,13,20,9,45.0%,124,13.8,0,6.2,0.7,9.5,CainDe00
285,285,AndyIsabella,ARI,23,WR,15,13,9,69.2%,189,21.0,1,14.5,0.6,12.6,IsabAn00
286,286,DeSeanJackson,PHI,33,WR,3,10,9,90.0%,159,17.7,2,15.9,3.0,53.0,JackDe00
289,289,KalifRaymond,TEN,25,WR,8,12,9,75.0%,170,18.9,1,14.2,1.1,21.3,RaymKa00
293,293,LaquonTreadwell,MIN,24,WR,13,16,9,56.3%,184,20.4,1,11.5,0.7,14.2,TreaLa00
294,294,DamionWillis,CIN,22,WR,10,16,9,56.3%,82,9.1,0,5.1,0.9,8.2,WillDa11
296,296,DanArnold,2TM,24,WR,5,14,8,57.1%,127,15.9,2,9.1,1.6,25.4,ArnoDa00
298,298,AntonioCallaway,CLE,22,WR,4,15,8,53.3%,89,11.1,0,5.9,2.0,22.3,CallAn00
300,300,TrevorDavis,3TM,26,WR,14,11,8,72.7%,111,13.9,0,10.1,0.6,7.9,DaviTr03
303,303,ChrisHogan,CAR,32,WR,7,15,8,53.3%,67,8.4,0,4.5,1.1,9.6,HogaCh00
304,304,JesperHorsted,CHI,22,WR,6,10,8,80.0%,87,10.9,1,8.7,1.3,14.5,HorsJe00
309,309,RyanSwitzer,PIT,25,WR,9,11,8,72.7%,27,3.4,0,2.5,0.9,3.0,SwitRy00
311,311,BrandonZylstra,CAR,26,WR,8,12,8,66.7%,106,13.3,0,8.8,1.0,13.3,ZylsBr00
312,312,DanielBrown,NYJ,27,WR,16,11,7,63.6%,72,10.3,1,6.5,0.4,4.5,BrowDa04
313,313,MikeDavis,2TM,26,WR,12,8,7,87.5%,22,3.1,0,2.8,0.6,1.8,DaviMi01
317,317,MarvinHall,DET,26,WR,9,11,7,63.6%,261,37.3,1,23.7,0.8,29.0,HallMa02
324,324,TravisBenjamin,LAC,30,WR,5,16,6,37.5%,30,5.0,0,1.9,1.2,6.0,BenjTr00
325,325,BraxtonBerrios,NYJ,24,WR,16,13,6,46.2%,115,19.2,0,8.8,0.4,7.2,BerrBr00
331,331,DeonteHarty,NOR,22,WR,14,6,6,100.0%,24,4.0,0,4.0,0.4,1.7,HarrDe07
334,334,RichieJames,SFO,24,WR,16,10,6,60.0%,165,27.5,1,16.5,0.4,10.3,JameRi00
338,338,AndrePatton,LAC,25,WR,13,17,6,35.3%,56,9.3,0,3.3,0.5,4.3,PattAn00
340,340,RileyRidley,CHI,23,WR,5,7,6,85.7%,69,11.5,0,9.9,1.2,13.8,RidlRi00
341,341,DiontaeSpencer,DEN,27,WR,16,8,6,75.0%,31,5.2,0,3.9,0.4,1.9,SpenDi00
343,343,MarcellAteman,LVR,25,WR,11,10,5,50.0%,116,23.2,0,11.6,0.5,10.5,AtemMa00
349,349,DevinSmith,DAL,27,WR,4,9,5,55.6%,113,22.6,1,12.6,1.3,28.3,SmitDe04
352,352,CedrickWilsonJr,DAL,24,WR,6,8,5,62.5%,46,9.2,0,5.8,0.8,7.7,WilsCe01
355,355,AntonioBrown,NWE,31,WR,1,8,4,50.0%,56,14.0,1,7.0,4.0,56.0,BrowAn04
357,357,MichaelCrabtree,ARI,32,WR,2,5,4,80.0%,22,5.5,0,4.4,2.0,11.0,CrabMi00
358,358,RyanGrant,LVR,29,WR,2,9,4,44.4%,14,3.5,0,1.6,2.0,7.0,GranRy01
360,360,RashardHiggins,CLE,25,WR,10,11,4,36.4%,55,13.8,1,5.0,0.4,5.5,HiggRa00
361,361,KhaDarelHodge,CLE,24,WR,16,10,4,40.0%,76,19.0,0,7.6,0.3,4.8,HodgKh00
362,362,TevinJones,PIT,27,WR,5,10,4,40.0%,61,15.3,0,6.1,0.8,12.2,JoneTe02
363,363,JordanMatthews,2TM,27,WR,3,12,4,33.3%,33,8.3,0,2.8,1.3,11.0,MattJo00
364,364,DonteMoncrief,2TM,26,WR,8,15,4,26.7%,18,4.5,0,1.2,0.5,2.3,MoncDo00
366,366,JJNelson,LVR,27,WR,2,5,4,80.0%,36,9.0,1,7.2,2.0,18.0,NelsJJ00
367,367,TrentSherfield,ARI,23,WR,16,13,4,30.8%,80,20.0,0,6.2,0.3,5.0,SherTr00
368,368,LeeSmith,BUF,32,WR,16,5,4,80.0%,31,7.8,1,6.2,0.3,1.9,SmitLe00
371,371,DeAndrewWhite,CAR,28,WR,10,9,4,44.4%,51,12.8,0,5.7,0.4,5.1,WhitDe01
373,373,CodyCore,NYG,25,WR,16,5,3,60.0%,28,9.3,0,5.6,0.2,1.8,CoreCo00
374,374,GeremyDavis,LAC,27,WR,7,3,3,100.0%,38,12.7,0,12.7,0.4,5.4,DaviGe00
375,375,RobertFoster,BUF,25,WR,13,18,3,16.7%,64,21.3,0,3.6,0.2,4.9,FostRo01
376,376,DevinFunchess,IND,25,WR,1,5,3,60.0%,32,10.7,0,6.4,3.0,32.0,FuncDe00
378,378,JohnnyHolton,PIT,29,WR,16,15,3,20.0%,21,7.0,0,1.4,0.2,1.3,HoltJo00
379,379,TJJones,NYG,27,WR,3,4,3,75.0%,38,12.7,1,9.5,1.0,12.7,JoneT.00
381,381,ChrisLacy,DET,23,WR,7,10,3,30.0%,60,20.0,0,6.0,0.4,8.6,LacyCh00
382,382,MarqiseLee,JAX,28,WR,6,4,3,75.0%,18,6.0,0,4.5,0.5,3.0,LeexMa00
383,383,ChrisMoore,BAL,26,WR,14,5,3,60.0%,21,7.0,0,4.2,0.2,1.5,MoorCh00
384,384,StanleyMorganJr,CIN,23,WR,11,10,3,30.0%,18,6.0,0,1.8,0.3,1.6,MorgSt02
387,387,AndreRoberts,BUF,31,WR,13,7,3,42.9%,20,6.7,0,2.9,0.2,1.5,RobeAn00
388,388,RussellShepard,NYG,29,WR,3,8,3,37.5%,25,8.3,0,3.1,1.0,8.3,ShepRu00
391,391,BoboWilson,TAM,24,WR,6,11,3,27.3%,35,11.7,0,3.2,0.5,5.8,WilsJe00
394,394,OlamideZaccheaus,ATL,22,WR,10,5,3,60.0%,115,38.3,1,23.0,0.3,11.5,ZaccOl01
396,396,ChadBeebe,MIN,25,WR,3,2,2,100.0%,70,35.0,0,35.0,0.7,23.3,BeebCh00
397,397,JoshBellamy,NYJ,30,WR,7,3,2,66.7%,20,10.0,0,6.7,0.3,2.9,BellJo02
399,399,CJBoard,JAX,26,WR,4,4,2,50.0%,31,15.5,0,7.8,0.5,7.8,BoarC.00
400,400,FredBrown,DEN,26,WR,13,3,2,66.7%,21,10.5,0,7.0,0.2,1.6,BrowFr01
403,403,DeontayBurnett,PHI,22,WR,1,4,2,50.0%,48,24.0,0,12.0,2.0,48.0,BurnDe00
405,405,RobertDavis,2TM,24,WR,6,5,2,40.0%,17,8.5,0,3.4,0.3,2.8,DaviRo00
406,406,AshtonDulin,IND,22,WR,13,2,2,100.0%,17,8.5,0,8.5,0.2,1.3,DuliAs00
410,410,AlexanderHollins,MIN,23,WR,5,4,2,50.0%,46,23.0,0,11.5,0.4,9.2,HollAl00
411,411,CodyHollister,TEN,26,WR,5,2,2,100.0%,13,6.5,0,6.5,0.4,2.6,HollCo00
413,413,IshmaelHyman,TAM,24,WR,2,4,2,50.0%,34,17.0,0,8.5,1.0,17.0,HymaIs00
414,414,DariusJennings,TEN,27,WR,8,5,2,40.0%,17,8.5,0,3.4,0.3,2.1,JennDa00
416,416,StevenMitchell,HOU,25,WR,3,6,2,33.3%,37,18.5,0,6.2,0.7,12.3,MitcSt02
417,417,JasonMoore,LAC,24,WR,10,5,2,40.0%,43,21.5,0,8.6,0.2,4.3,MoorJa02
420,420,GunnerOlszewski,NWE,23,WR,8,4,2,50.0%,34,17.0,0,8.5,0.3,4.3,OlszGu00
424,424,DaMariScott,NYG,24,WR,5,3,2,66.7%,22,11.0,0,7.3,0.4,4.4,ScotDa02
427,427,CamSims,WAS,23,WR,7,3,2,66.7%,27,13.5,0,9.0,0.3,3.9,SimsCa00
428,428,MikeThomas,LAR,25,WR,16,5,2,40.0%,14,7.0,0,2.8,0.1,0.9,ThomMi04
430,430,MichaelWalker,JAX,23,WR,7,3,2,66.7%,15,7.5,0,5.0,0.3,2.1,WalkMi00
439,439,VentellBryant,DAL,23,WR,12,1,1,100.0%,15,15.0,1,15.0,0.1,1.3,BryaVe00
441,441,AustinCarr,NOR,26,WR,6,4,1,25.0%,9,9.0,0,2.3,0.2,1.5,CarrAu00
446,446,RashardDavis,TEN,24,WR,1,1,1,100.0%,16,16.0,0,16.0,1.0,16.0,DaviRa01
450,450,QuincyEnunwa,NYJ,27,WR,1,3,1,33.3%,-4,-4.0,0,-1.3,1.0,-4.0,EnunQu00
452,452,CyrilGrayson,TAM,26,WR,2,1,1,100.0%,3,3.0,0,3.0,0.5,1.5,GrayCy01
454,454,DwayneHarris,LVR,32,WR,3,1,1,100.0%,7,7.0,0,7.0,0.3,2.3,HarrDw00
456,456,KrishawnHogan,NOR,24,WR,8,1,1,100.0%,4,4.0,0,4.0,0.1,0.5,HogaKr00
475,475,JaleelScott,BAL,24,WR,3,3,1,33.3%,6,6.0,0,2.0,0.3,2.0,ScotJa02
477,477,DarriusShepherd,GNB,24,WR,6,2,1,50.0%,1,1.0,0,0.5,0.2,0.2,ShepDa00
478,478,JeffSmith,NYJ,22,WR,1,2,1,50.0%,12,12.0,0,6.0,1.0,12.0,SmitJe03
485,485,JohnUrsua,SEA,25,WR,3,1,1,100.0%,11,11.0,0,11.0,0.3,3.7,UrsuJo00
497,497,TravisFulgham,DET,24,WR,3,3,0,0.0%,0,,0,0.0,0.0,0.0,FulgTr00
498,498,JalenGuyton,LAC,22,WR,3,2,0,0.0%,0,,0,0.0,0.0,0.0,GuytJa01
499,499,JustinHardee,NOR,25,WR,16,1,0,0.0%,0,,0,0.0,0.0,0.0,HardJu01
500,500,LilJordanHumphrey,NOR,21,WR,5,1,0,0.0%,0,,0,0.0,0.0,0.0,HumpLi01
505,505,TaywanTaylor,CLE,24,WR,3,1,0,0.0%,0,,0,0.0,0.0,0.0,TaylTa00
507,507,ChadWilliams,IND,25,WR,1,1,0,0.0%,0,,0,0.0,0.0,0.0,WillCh05
